{"cameraMode":{"drawMode":0,"name":"Shaded","section":"Shading Mode"},"sceneLighting":false,"audioPlay":false,"sceneViewState":{"m_AlwaysRefresh":false,"showFog":true,"showSkybox":false,"showFlares":true,"showImageEffects":true,"showParticleSystems":true,"showVisualEffectGraphs":true,"m_FxEnabled":true},"in2DMode":false,"pivot":{"x":-0.18165957927703858,"y":0.22205275297164918,"z":0.3038385510444641},"rotation":{"x":-0.08901380002498627,"y":-0.4641975164413452,"z":0.04695422202348709,"w":-0.8799998760223389},"size":1.0947879552841187,"orthographic":false}