{"cameraMode":{"drawMode":0,"name":"Shaded","section":"Shading Mode"},"sceneLighting":true,"audioPlay":false,"sceneViewState":{"m_AlwaysRefresh":false,"showFog":true,"showSkybox":true,"showFlares":true,"showImageEffects":true,"showParticleSystems":true,"showVisualEffectGraphs":true,"m_FxEnabled":false},"in2DMode":false,"pivot":{"x":197.61065673828126,"y":52.53178405761719,"z":171.44491577148438},"rotation":{"x":-0.03226708993315697,"y":-0.9908686280250549,"z":0.10311351716518402,"w":-0.09517186135053635},"size":2.5666966438293459,"orthographic":false}