{"cameraMode":{"drawMode":0,"name":"Shaded","section":"Shading Mode"},"sceneLighting":false,"audioPlay":false,"sceneViewState":{"m_AlwaysRefresh":false,"showFog":true,"showSkybox":false,"showFlares":true,"showImageEffects":true,"showParticleSystems":true,"showVisualEffectGraphs":true,"m_FxEnabled":true},"in2DMode":false,"pivot":{"x":-1.5460678339004517,"y":2.7981600761413576,"z":0.9262716770172119},"rotation":{"x":0.24617041647434236,"y":0.43695974349975588,"z":-0.12544074654579163,"w":0.8561418056488037},"size":3.755666732788086,"orthographic":false}