{"cameraMode":{"drawMode":0,"name":"Shaded","section":"Shading Mode"},"sceneLighting":false,"audioPlay":false,"sceneViewState":{"m_AlwaysRefresh":false,"showFog":true,"showSkybox":false,"showFlares":true,"showImageEffects":true,"showParticleSystems":true,"showVisualEffectGraphs":true,"m_FxEnabled":true},"in2DMode":false,"pivot":{"x":-2.469615936279297,"y":2.5133259296417238,"z":0.13405275344848634},"rotation":{"x":0.21151001751422883,"y":0.6054868698120117,"z":-0.17095543444156648,"w":0.748111367225647},"size":3.7396998405456545,"orthographic":false}