{"cameraMode":{"drawMode":0,"name":"Shaded","section":"Shading Mode"},"sceneLighting":false,"audioPlay":false,"sceneViewState":{"m_AlwaysRefresh":false,"showFog":true,"showSkybox":false,"showFlares":true,"showImageEffects":true,"showParticleSystems":true,"showVisualEffectGraphs":true,"m_FxEnabled":true},"in2DMode":false,"pivot":{"x":0.010305166244506836,"y":0.1624952107667923,"z":0.004382893443107605},"rotation":{"x":-0.012397633865475655,"y":-0.9022867679595947,"z":0.026000572368502618,"w":-0.4301854074001312},"size":0.715753436088562,"orthographic":false}