{"cameraMode":{"drawMode":0,"name":"Shaded","section":"Shading Mode"},"sceneLighting":false,"audioPlay":false,"sceneViewState":{"m_AlwaysRefresh":false,"showFog":true,"showSkybox":false,"showFlares":true,"showImageEffects":true,"showParticleSystems":true,"showVisualEffectGraphs":true,"m_FxEnabled":true},"in2DMode":false,"pivot":{"x":-2.4734039306640627,"y":2.52899169921875,"z":0.057443901896476749},"rotation":{"x":0.26583588123321535,"y":0.24481403827667237,"z":-0.06979749351739884,"w":0.9299319386482239},"size":3.7140090465545656,"orthographic":false}