{"cameraMode":{"drawMode":0,"name":"Shaded","section":"Shading Mode"},"sceneLighting":false,"audioPlay":false,"sceneViewState":{"m_AlwaysRefresh":false,"showFog":true,"showSkybox":false,"showFlares":true,"showImageEffects":true,"showParticleSystems":true,"showVisualEffectGraphs":true,"m_FxEnabled":true},"in2DMode":false,"pivot":{"x":0.0000016689300537109376,"y":1.7809159755706788,"z":-0.7014460563659668},"rotation":{"x":-0.18945911526679994,"y":0.08792661130428314,"z":-0.017214344814419748,"w":-0.9778508543968201},"size":2.392118215560913,"orthographic":false}