{"cameraMode":{"drawMode":0,"name":"Shaded","section":"Shading Mode"},"sceneLighting":false,"audioPlay":false,"sceneViewState":{"m_AlwaysRefresh":false,"showFog":true,"showSkybox":false,"showFlares":true,"showImageEffects":true,"showParticleSystems":true,"showVisualEffectGraphs":true,"m_FxEnabled":true},"in2DMode":false,"pivot":{"x":0.0227392315864563,"y":-0.20661211013793946,"z":0.03959488868713379},"rotation":{"x":-0.08901380002498627,"y":-0.4641975164413452,"z":0.04695422202348709,"w":-0.8799998760223389},"size":1.2331736087799073,"orthographic":false}