{"cameraMode":{"drawMode":0,"name":"Shaded","section":"Shading Mode"},"sceneLighting":false,"audioPlay":false,"sceneViewState":{"m_AlwaysRefresh":false,"showFog":true,"showSkybox":false,"showFlares":true,"showImageEffects":true,"showParticleSystems":true,"showVisualEffectGraphs":true,"m_FxEnabled":false},"in2DMode":false,"pivot":{"x":-119.61722564697266,"y":173.7634735107422,"z":-250.46969604492188},"rotation":{"x":-0.11935596913099289,"y":0.8573870062828064,"z":-0.39220932126045229,"w":-0.31510838866233828},"size":1272.7930908203125,"orthographic":false}